Names,Buttons
"Empowering Year Up United Alumni Entrepreneurs: Resources to Help You Launch, Grow, and Succeed",Advance Your Education:
From ACTion to Impact: Highlights from the 13th Annual National Alumni Summit,Advance Your Education:
Success as Taking Care of and Uplifting Others: LeeMar Kelley’s Journey,Advance Your Education:
From Passion to Profession: Yesenia's Journey at Bank of America,Advance Your Education:
"Ty’Relle Stephens recently joined our Founder, Gerald Chertavian as panelist in San Diego",Advance Your Education:
"Sometimes, Giving Includes Receiving",Advance Your Education:
Local Alumni Engagement is Happening,Advance Your Education:
Going Forward Together: A Look Back at the 2022 Alumni Summit With Kiven Woods,Advance Your Education:
Making a Mark in History: Hill Day featuring Ansaer Wumaier,Advance Your Education:
A Visit to The National Museum of African American History & Culture,Advance Your Education:
In the Spirit of Service ,Advance Your Education:
Honoring our new President ,Advance Your Education:
Meet Reinette Ross,Advance Your Education:
Alumni Resource Guide,Advance Your Education:
Program Models At Year Up United,Advance Your Education:
"12th Annual Alumni Summit: Bridging the Gap, One Alum at a Time",Advance Your Education:
Embracing Growth and Opportunities in 2024: Resources for Year Up United Alumni,Advance Your Education:
What's Your Alumni Love Language?,Advance Your Education:
Andre Carroll: Championing Community Love Through Action,Advance Your Education:
Claire's Journey from Year Up United Graduate to Advocate and Nonprofit Founder,Advance Your Education:
Get Inspired by Ebony’s Story,Advance Your Education:
Celebrating Women's History Month With Alumna Activist Khennedi Meeks,Advance Your Education:
Kenneth C. Frazier is the Executive Chairman of Merck’s board of directors,Advance Your Education:
Advance Your Education:,Advance Your Education:
